metric,value
n_samples,569.0
n_features,30.0
accuracy,0.956140350877193
precision,0.9466666666666667
recall,0.9861111111111112
f1_score,0.9659863945578231
roc_auc,0.9963624338624338
